"Bruno, F., De Marchis, M., Milici, B., Saccone, D., & Traina, F. (2021). A Pressure Monitoring System for Water Distribution Networks Based on Arduino Microcontroller. Water, 13(17), 2321. https://doi.org/10.3390/w13172321"

"Corado Pérez, L. (2025). Detección y prevención de fugas en tuberías e infraestructuras de agua [Trabajo Fin de Máster, Universitat Oberta de Catalunya]. Repositorio Institucional UOC."

"De Lima Rosado, E. O. (2025). Fortalecimiento de la seguridad en el internet de las cosas (IoT): estrategias y propuestas para mitigar riesgos de vulnerabilidad en sensores de agua con tecnología IoT [Tesis de Especialización, Universidad Nacional Abierta y a Distancia - UNAD]. Repositorio Institucional UNAD."

"Dixit, R., Chaudhari, H., Jadhav, S., & Jagtap, K. (2017). Water Level and Leakage Detection System with its Quality Analysis based on Sensor for Home Application. International Research Journal of Engineering and Technology (IRJET), 4(11)."

Edge Impulse. (2023). Anomaly Detection Guide. Documentación técnica oficial. Recuperado de https://docs.edgeimpulse.com/docs/edge-impulse-studio/learning-blocks/anomaly-detection

"Escobar Sánchez, J. A., & López Hernández, F. (2016). Detección de fugas en una red de distribución de agua potable [Trabajo de Residencia Profesional, Instituto Tecnológico de Tuxtla Gutiérrez]. Tecnológico Nacional de México."

"Farah, E., & Shahrour, I. (2024). Water Leak Detection: A Comprehensive Review of Methods, Challenges, and Future Directions. Water, 16(21), 2975. https://doi.org/10.3390/w16212975"

"Islam, M. R., Azam, S., Shanmugam, B., & Mathur, D. (2022). A Review on Current Technologies and Future Direction of Water Leakage Detection in Water Distribution Network. IEEE Access, 10, 107177-107201. https://doi.org/10.1109/ACCESS.2022.3212769"

"Islam, M. R., et al. (2023). An Intelligent IoT and ML-Based Water Leakage Detection System. IEEE Access, 11, 10305165. https://ieeexplore.ieee.org/document/10305165"

"Kang, J., et al. (2023). Machine Learning Model for Leak Detection Using Water Pipeline Vibration Sensor. Sensors, 23(21), 8935. https://doi.org/10.3390/s23218935"

"Rubiños Jiménez, S. L., Cuzcano Rivas, A. B., Tejada Cabanillas, A. A., Mendoza Apaza, F., Leva Apaza, A., & Apesteguia Infantes, J. A. (2023). Los sistemas de abastecimiento de agua potable: prevención y detección temprana de fugas. Centro de Investigación y Desarrollo Ecuador (CIDE). https://doi.org/10.33936/978-9942-636-36-2"

"Sagat, P. (s.f.). ESP8266 Nodemcu Leak Sensor with SMS functionality [Repositorio de código fuente]. GitHub. Recuperado de https://github.com/psagat/ESP8266-Leak-Sensor"